fund_name,nif,isin,pdf_url,pdf_path,download_date
"A&G RENTA FIJA CORTO PLAZO, FI",V85405082,ES0156873004,https://www.cnmv.es/webservices/verdocumento/ver?e=6aYVuK2EAGW0ZUED2unhoGFsA8oWqd95ZjkjEP31iYhPhncw1vq%2fMXcb2Ceoe0G6HHTTR6oFnRjK4uNaFVc5nQ%3d%3d,data/dfi_pdfs/ES0156873004.pdf,2026-04-20
"A&P LIFESCIENCE FUND, FI",V06985584,,https://www.cnmv.es/webservices/verdocumento/ver?e=ia5FlCZex4mxU2FEk%2bObPkTp4XFGi7tX%2fLGWZmcPZpBknv7VuEGvF9Pu7CatfXRG,data/dfi_pdfs/V06985584.pdf,2026-04-20
ABACO GLOBAL VALUE OPPORTUNITIES FI,V87152088,,https://www.cnmv.es/webservices/verdocumento/ver?e=Z0XgRt6DE4acZrz4rvbkukTp4XFGi7tX%2fLGWZmcPZpBknv7VuEGvF9Pu7CatfXRG,data/dfi_pdfs/V87152088.pdf,2026-04-20
"A&G RENTA FIJA CORTO PLAZO, FI",V85405082,ES0156873004,https://www.cnmv.es/webservices/verdocumento/ver?e=6aYVuK2EAGW0ZUED2unhoGFsA8oWqd95ZjkjEP31iYhPhncw1vq%2fMXcb2Ceoe0G6HHTTR6oFnRjK4uNaFVc5nQ%3d%3d,data/dfi_pdfs/ES0156873004.pdf,2026-05-05
"A&P LIFESCIENCE FUND, FI",V06985584,,https://www.cnmv.es/webservices/verdocumento/ver?e=ia5FlCZex4mxU2FEk%2bObPkTp4XFGi7tX%2fLGWZmcPZpBknv7VuEGvF9Pu7CatfXRG,data/dfi_pdfs/V06985584.pdf,2026-05-05
ABACO GLOBAL VALUE OPPORTUNITIES FI,V87152088,,https://www.cnmv.es/webservices/verdocumento/ver?e=Z0XgRt6DE4acZrz4rvbkukTp4XFGi7tX%2fLGWZmcPZpBknv7VuEGvF9Pu7CatfXRG,data/dfi_pdfs/V87152088.pdf,2026-05-05
"ABACO RENTA FIJA MIXTA GLOBAL, FI",V86467461,,https://www.cnmv.es/webservices/verdocumento/ver?e=uh8h%2fsoaAXMhtSuqfCPZKETp4XFGi7tX%2fLGWZmcPZpBknv7VuEGvF9Pu7CatfXRG,data/dfi_pdfs/V86467461.pdf,2026-05-05
"ABACO RENTA FIJA, FI",V06983548,,https://www.cnmv.es/webservices/verdocumento/ver?e=LD7YULqD3v2TKxbAh9D%2bqkTp4XFGi7tX%2fLGWZmcPZpBknv7VuEGvF9Pu7CatfXRG,data/dfi_pdfs/V06983548.pdf,2026-05-05
"ABANCA AHORRO, FI",V20512356,,https://www.cnmv.es/webservices/verdocumento/ver?e=RYbhVzxexCGjmY%2bh9U6PQ%2fCI%2fQDP6TymVLYpNIRT0OD%2fZOco2KphCxQ%2fKRraexAOZKW%2fSUYvHW%2fpUdpoY93V3Q%3d%3d,data/dfi_pdfs/V20512356.pdf,2026-05-05
"ABANCA BONOS CORPORATIVOS, FI",V84857739,,https://www.cnmv.es/webservices/verdocumento/ver?e=aJg%2fhkYGrjZ1LnuxCkFHNUirJPVRE%2f8hh%2bA1ivu5M2jSp0DQidjU9F90ib%2fKeuTVZL1ryNsDmk6oXzLnK%2f452A%3d%3d,data/dfi_pdfs/V84857739.pdf,2026-05-05
"ABANCA FONDEPOSITO, FI",V84564624,,https://www.cnmv.es/webservices/verdocumento/ver?e=s%2bksxqntGYvplGj%2bdtKHfETp4XFGi7tX%2fLGWZmcPZpBknv7VuEGvF9Pu7CatfXRG,data/dfi_pdfs/V84564624.pdf,2026-05-05
"ABANCA GESTION, FI",V86844974,,https://www.cnmv.es/webservices/verdocumento/ver?e=%2bBRfYw2gUdAbs90P9MokFETp4XFGi7tX%2fLGWZmcPZpBknv7VuEGvF9Pu7CatfXRG,data/dfi_pdfs/V86844974.pdf,2026-05-05
"ABANCA INDICE RENTA VARIABLE EMERGENTE, FI",V05379300,ES0162956009,https://www.cnmv.es/webservices/verdocumento/ver?e=LWi5K2emoSdP6KWmROpQd2e09JJLKUVUoyMTcjfD3fpPhncw1vq%2fMXcb2Ceoe0G6HHTTR6oFnRjK4uNaFVc5nQ%3d%3d,data/dfi_pdfs/ES0162956009.pdf,2026-05-05
"ABANCA RENTA FIJA GOBIERNOS, FI",V05379383,,https://www.cnmv.es/webservices/verdocumento/ver?e=mkUy6YyfEI6%2bqX3MHCg4YAh%2bQb8P13tI91ktX3W5owDSp0DQidjU9F90ib%2fKeuTVZL1ryNsDmk6oXzLnK%2f452A%3d%3d,data/dfi_pdfs/V05379383.pdf,2026-05-05
"ABANCA RENTA FIJA MIXTA, FI",V87109906,,https://www.cnmv.es/webservices/verdocumento/ver?e=nmHgpBCyzPpm6QoZr6Zz20Tp4XFGi7tX%2fLGWZmcPZpBknv7VuEGvF9Pu7CatfXRG,data/dfi_pdfs/V87109906.pdf,2026-05-05
"ABANCA RENTA FIJA PATRIMONIO, FI",V85377406,,https://www.cnmv.es/webservices/verdocumento/ver?e=MAiikehaD3xZ%2bEWX9J7jlNzYeAdYjx6ADV3%2fIrMjl6%2fSp0DQidjU9F90ib%2fKeuTVZL1ryNsDmk6oXzLnK%2f452A%3d%3d,data/dfi_pdfs/V85377406.pdf,2026-05-05
"ABANCA RENTA VARIABLE CRECIMIENTO, FI",V84053982,,https://www.cnmv.es/webservices/verdocumento/ver?e=cc%2brvellLBha308tFGD%2bhggBQPyN2XIsT7BIioKy4O%2fSp0DQidjU9F90ib%2fKeuTVZL1ryNsDmk6oXzLnK%2f452A%3d%3d,data/dfi_pdfs/V84053982.pdf,2026-05-05
"ABANCA RENTA VARIABLE DIVIDENDO, FI",V87112173,,https://www.cnmv.es/webservices/verdocumento/ver?e=PxBqPrQptxdl9viR5tRz56ZQATT2Hq7pMiF25ZyJkaDSp0DQidjU9F90ib%2fKeuTVZL1ryNsDmk6oXzLnK%2f452A%3d%3d,data/dfi_pdfs/V87112173.pdf,2026-05-05
"ABANCA RENTA VARIABLE MIXTA, FI",V80714306,,https://www.cnmv.es/webservices/verdocumento/ver?e=f5Md%2fDQlJ9hjCBRiu2z2RuwXfFR8SKY1slaiMI8R5SCMmnYu3xMFYvICCCCdo90f,data/dfi_pdfs/V80714306.pdf,2026-05-05
"ABANDO EQUITIES, FI",V85439560,ES0109656001,https://www.cnmv.es/webservices/verdocumento/ver?e=l6m%2bkXZ2Rc5b9XfxqgDQQZ5IoRTwl2SnDcf8CibD%2bLpPhncw1vq%2fMXcb2Ceoe0G6HHTTR6oFnRjK4uNaFVc5nQ%3d%3d,data/dfi_pdfs/ES0109656001.pdf,2026-05-05
"ABANTE ASESORES GLOBAL, FI",V83217208,ES0109652034,https://www.cnmv.es/webservices/verdocumento/ver?e=xgexlAgwp2YkG0nCwKfsJWzEYlrnLN1uXJ4nvLOXFdRPhncw1vq%2fMXcb2Ceoe0G6HHTTR6oFnRjK4uNaFVc5nQ%3d%3d,data/dfi_pdfs/ES0109652034.pdf,2026-05-05
"ABANTE BOLSA, FI",V83217299,ES0105011037,https://www.cnmv.es/webservices/verdocumento/ver?e=xgexlAgwp2YkG0nCwKfsJYj%2fC1oIZs9ISrBfBp0uYNFPhncw1vq%2fMXcb2Ceoe0G6HHTTR6oFnRjK4uNaFVc5nQ%3d%3d,data/dfi_pdfs/ES0105011037.pdf,2026-05-05
Abante Cartera Renta Fija FI,V86239720,ES0160741007,https://www.cnmv.es/webservices/verdocumento/ver?e=dD%2b5dwmGCEKYtBAMbmMdPAJhMMh5srmyDDVvwkgsFJZPhncw1vq%2fMXcb2Ceoe0G6HHTTR6oFnRjK4uNaFVc5nQ%3d%3d,data/dfi_pdfs/ES0160741007.pdf,2026-05-05
"A&G RENTA FIJA CORTO PLAZO, FI",V85405082,ES0156873004,https://www.cnmv.es/webservices/verdocumento/ver?e=6aYVuK2EAGW0ZUED2unhoGFsA8oWqd95ZjkjEP31iYhPhncw1vq%2fMXcb2Ceoe0G6HHTTR6oFnRjK4uNaFVc5nQ%3d%3d,data/dfi_pdfs/ES0156873004.pdf,2026-05-05
"A&P LIFESCIENCE FUND, FI",V06985584,,,,2026-05-05
ABACO GLOBAL VALUE OPPORTUNITIES FI,V87152088,,,,2026-05-05
"ABACO RENTA FIJA MIXTA GLOBAL, FI",V86467461,,,,2026-05-05
"ABACO RENTA FIJA, FI",V06983548,,,,2026-05-05
"ABANCA AHORRO, FI",V20512356,,,,2026-05-05
"ABANCA BONOS CORPORATIVOS, FI",V84857739,,https://www.cnmv.es/webservices/verdocumento/ver?e=aJg%2fhkYGrjZ1LnuxCkFHNUirJPVRE%2f8hh%2bA1ivu5M2jSp0DQidjU9F90ib%2fKeuTVZL1ryNsDmk6oXzLnK%2f452A%3d%3d,data/dfi_pdfs/V84857739.pdf,2026-05-05
"ABANCA FONDEPOSITO, FI",V84564624,,,,2026-05-05
"ABANCA GESTION, FI",V86844974,,,,2026-05-05
"ABANCA INDICE RENTA VARIABLE EMERGENTE, FI",V05379300,ES0162956009,https://www.cnmv.es/webservices/verdocumento/ver?e=LWi5K2emoSdP6KWmROpQd2e09JJLKUVUoyMTcjfD3fpPhncw1vq%2fMXcb2Ceoe0G6HHTTR6oFnRjK4uNaFVc5nQ%3d%3d,data/dfi_pdfs/ES0162956009.pdf,2026-05-05
"ABANCA RENTA FIJA GOBIERNOS, FI",V05379383,,https://www.cnmv.es/webservices/verdocumento/ver?e=mkUy6YyfEI6%2bqX3MHCg4YAh%2bQb8P13tI91ktX3W5owDSp0DQidjU9F90ib%2fKeuTVZL1ryNsDmk6oXzLnK%2f452A%3d%3d,data/dfi_pdfs/V05379383.pdf,2026-05-05
"ABANCA RENTA FIJA MIXTA, FI",V87109906,,,,2026-05-05
"ABANCA RENTA FIJA PATRIMONIO, FI",V85377406,,https://www.cnmv.es/webservices/verdocumento/ver?e=MAiikehaD3xZ%2bEWX9J7jlNzYeAdYjx6ADV3%2fIrMjl6%2fSp0DQidjU9F90ib%2fKeuTVZL1ryNsDmk6oXzLnK%2f452A%3d%3d,data/dfi_pdfs/V85377406.pdf,2026-05-05
"ABANCA RENTA VARIABLE CRECIMIENTO, FI",V84053982,,https://www.cnmv.es/webservices/verdocumento/ver?e=cc%2brvellLBha308tFGD%2bhggBQPyN2XIsT7BIioKy4O%2fSp0DQidjU9F90ib%2fKeuTVZL1ryNsDmk6oXzLnK%2f452A%3d%3d,data/dfi_pdfs/V84053982.pdf,2026-05-05
"ABANCA RENTA VARIABLE DIVIDENDO, FI",V87112173,,https://www.cnmv.es/webservices/verdocumento/ver?e=PxBqPrQptxdl9viR5tRz56ZQATT2Hq7pMiF25ZyJkaDSp0DQidjU9F90ib%2fKeuTVZL1ryNsDmk6oXzLnK%2f452A%3d%3d,data/dfi_pdfs/V87112173.pdf,2026-05-05
"ABANCA RENTA VARIABLE MIXTA, FI",V80714306,,,,2026-05-05
"ABANDO EQUITIES, FI",V85439560,ES0109656001,https://www.cnmv.es/webservices/verdocumento/ver?e=l6m%2bkXZ2Rc5b9XfxqgDQQZ5IoRTwl2SnDcf8CibD%2bLpPhncw1vq%2fMXcb2Ceoe0G6HHTTR6oFnRjK4uNaFVc5nQ%3d%3d,data/dfi_pdfs/ES0109656001.pdf,2026-05-05
"ABANTE ASESORES GLOBAL, FI",V83217208,ES0109652034,https://www.cnmv.es/webservices/verdocumento/ver?e=xgexlAgwp2YkG0nCwKfsJWzEYlrnLN1uXJ4nvLOXFdRPhncw1vq%2fMXcb2Ceoe0G6HHTTR6oFnRjK4uNaFVc5nQ%3d%3d,data/dfi_pdfs/ES0109652034.pdf,2026-05-05
"ABANTE BOLSA, FI",V83217299,ES0105011037,https://www.cnmv.es/webservices/verdocumento/ver?e=xgexlAgwp2YkG0nCwKfsJYj%2fC1oIZs9ISrBfBp0uYNFPhncw1vq%2fMXcb2Ceoe0G6HHTTR6oFnRjK4uNaFVc5nQ%3d%3d,data/dfi_pdfs/ES0105011037.pdf,2026-05-05
Abante Cartera Renta Fija FI,V86239720,ES0160741007,https://www.cnmv.es/webservices/verdocumento/ver?e=dD%2b5dwmGCEKYtBAMbmMdPAJhMMh5srmyDDVvwkgsFJZPhncw1vq%2fMXcb2Ceoe0G6HHTTR6oFnRjK4uNaFVc5nQ%3d%3d,data/dfi_pdfs/ES0160741007.pdf,2026-05-05
"A&G RENTA FIJA CORTO PLAZO, FI",V85405082,ES0156873004,https://www.cnmv.es/webservices/verdocumento/ver?e=6aYVuK2EAGW0ZUED2unhoGFsA8oWqd95ZjkjEP31iYhPhncw1vq%2fMXcb2Ceoe0G6HHTTR6oFnRjK4uNaFVc5nQ%3d%3d,data/dfi_pdfs/ES0156873004.pdf,2026-05-05
"A&P LIFESCIENCE FUND, FI",V06985584,,,,2026-05-05
ABACO GLOBAL VALUE OPPORTUNITIES FI,V87152088,,,,2026-05-05
"ABACO RENTA FIJA MIXTA GLOBAL, FI",V86467461,,,,2026-05-05
"ABACO RENTA FIJA, FI",V06983548,,,,2026-05-05
"ABANCA AHORRO, FI",V20512356,,https://www.cnmv.es/webservices/verdocumento/ver?e=RYbhVzxexCGjmY%2bh9U6PQ%2fCI%2fQDP6TymVLYpNIRT0OD%2fZOco2KphCxQ%2fKRraexAOZKW%2fSUYvHW%2fpUdpoY93V3Q%3d%3d,data/dfi_pdfs/V20512356.pdf,2026-05-05
"ABANCA BONOS CORPORATIVOS, FI",V84857739,,https://www.cnmv.es/webservices/verdocumento/ver?e=aJg%2fhkYGrjZ1LnuxCkFHNUirJPVRE%2f8hh%2bA1ivu5M2jSp0DQidjU9F90ib%2fKeuTVZL1ryNsDmk6oXzLnK%2f452A%3d%3d,data/dfi_pdfs/V84857739.pdf,2026-05-05
"ABANCA FONDEPOSITO, FI",V84564624,,,,2026-05-05
"ABANCA GESTION, FI",V86844974,,,,2026-05-05
"ABANCA INDICE RENTA VARIABLE EMERGENTE, FI",V05379300,ES0162956009,https://www.cnmv.es/webservices/verdocumento/ver?e=LWi5K2emoSdP6KWmROpQd2e09JJLKUVUoyMTcjfD3fpPhncw1vq%2fMXcb2Ceoe0G6HHTTR6oFnRjK4uNaFVc5nQ%3d%3d,data/dfi_pdfs/ES0162956009.pdf,2026-05-05
"ABANCA RENTA FIJA GOBIERNOS, FI",V05379383,,https://www.cnmv.es/webservices/verdocumento/ver?e=mkUy6YyfEI6%2bqX3MHCg4YAh%2bQb8P13tI91ktX3W5owDSp0DQidjU9F90ib%2fKeuTVZL1ryNsDmk6oXzLnK%2f452A%3d%3d,data/dfi_pdfs/V05379383.pdf,2026-05-05
"ABANCA RENTA FIJA MIXTA, FI",V87109906,,,,2026-05-05
"ABANCA RENTA FIJA PATRIMONIO, FI",V85377406,,https://www.cnmv.es/webservices/verdocumento/ver?e=MAiikehaD3xZ%2bEWX9J7jlNzYeAdYjx6ADV3%2fIrMjl6%2fSp0DQidjU9F90ib%2fKeuTVZL1ryNsDmk6oXzLnK%2f452A%3d%3d,data/dfi_pdfs/V85377406.pdf,2026-05-05
"ABANCA RENTA VARIABLE CRECIMIENTO, FI",V84053982,,https://www.cnmv.es/webservices/verdocumento/ver?e=cc%2brvellLBha308tFGD%2bhggBQPyN2XIsT7BIioKy4O%2fSp0DQidjU9F90ib%2fKeuTVZL1ryNsDmk6oXzLnK%2f452A%3d%3d,data/dfi_pdfs/V84053982.pdf,2026-05-05
"ABANCA RENTA VARIABLE DIVIDENDO, FI",V87112173,,https://www.cnmv.es/webservices/verdocumento/ver?e=PxBqPrQptxdl9viR5tRz56ZQATT2Hq7pMiF25ZyJkaDSp0DQidjU9F90ib%2fKeuTVZL1ryNsDmk6oXzLnK%2f452A%3d%3d,data/dfi_pdfs/V87112173.pdf,2026-05-05
"ABANCA RENTA VARIABLE MIXTA, FI",V80714306,,,,2026-05-05
"ABANDO EQUITIES, FI",V85439560,ES0109656001,https://www.cnmv.es/webservices/verdocumento/ver?e=l6m%2bkXZ2Rc5b9XfxqgDQQZ5IoRTwl2SnDcf8CibD%2bLpPhncw1vq%2fMXcb2Ceoe0G6HHTTR6oFnRjK4uNaFVc5nQ%3d%3d,data/dfi_pdfs/ES0109656001.pdf,2026-05-05
"ABANTE ASESORES GLOBAL, FI",V83217208,ES0109652034,https://www.cnmv.es/webservices/verdocumento/ver?e=xgexlAgwp2YkG0nCwKfsJWzEYlrnLN1uXJ4nvLOXFdRPhncw1vq%2fMXcb2Ceoe0G6HHTTR6oFnRjK4uNaFVc5nQ%3d%3d,data/dfi_pdfs/ES0109652034.pdf,2026-05-05
"ABANTE BOLSA, FI",V83217299,ES0105011037,https://www.cnmv.es/webservices/verdocumento/ver?e=xgexlAgwp2YkG0nCwKfsJYj%2fC1oIZs9ISrBfBp0uYNFPhncw1vq%2fMXcb2Ceoe0G6HHTTR6oFnRjK4uNaFVc5nQ%3d%3d,data/dfi_pdfs/ES0105011037.pdf,2026-05-05
Abante Cartera Renta Fija FI,V86239720,ES0160741007,https://www.cnmv.es/webservices/verdocumento/ver?e=dD%2b5dwmGCEKYtBAMbmMdPAJhMMh5srmyDDVvwkgsFJZPhncw1vq%2fMXcb2Ceoe0G6HHTTR6oFnRjK4uNaFVc5nQ%3d%3d,data/dfi_pdfs/ES0160741007.pdf,2026-05-05
ABANTE INDICE BOLSA FI,V87884292,,,,2026-05-05
"ABANTE INDICE SELECCION, FI",V87884508,,,,2026-05-05
"ABANTE MODERADO, FI",V84288323,,,,2026-05-05
"ABANTE PATRIMONIO GLOBAL, FI",V83787549,,https://www.cnmv.es/webservices/verdocumento/ver?e=DaU4xjTJCkd3vXq8p76ptKuMNqIRHopap1EARllxUzDSp0DQidjU9F90ib%2fKeuTVZL1ryNsDmk6oXzLnK%2f452A%3d%3d,data/dfi_pdfs/V83787549.pdf,2026-05-05
"ABANTE QUANT VALUE, F.I.",V87919460,ES0162950002,https://www.cnmv.es/webservices/verdocumento/ver?e=dD%2b5dwmGCEKYtBAMbmMdPBEd1vKGTWbHWS3h9snTTblPhncw1vq%2fMXcb2Ceoe0G6HHTTR6oFnRjK4uNaFVc5nQ%3d%3d,data/dfi_pdfs/ES0162950002.pdf,2026-05-05
"ABANTE RENTA FIJA CORTO PLAZO, FI",V83217232,ES0190051039,https://www.cnmv.es/webservices/verdocumento/ver?e=xgexlAgwp2YkG0nCwKfsJdloFJSMtqiRP84ED1pcUfdPhncw1vq%2fMXcb2Ceoe0G6HHTTR6oFnRjK4uNaFVc5nQ%3d%3d,data/dfi_pdfs/ES0190051039.pdf,2026-05-05
"ABANTE RENTA, FI",V84287952,ES0162947032,https://www.cnmv.es/webservices/verdocumento/ver?e=dD%2b5dwmGCEKYtBAMbmMdPGLRDCHjEPzdYQshPVTxtg9Phncw1vq%2fMXcb2Ceoe0G6HHTTR6oFnRjK4uNaFVc5nQ%3d%3d,data/dfi_pdfs/ES0162947032.pdf,2026-05-05
"ABANTE SECTOR INMOBILIARIO, FI",V85264687,,,,2026-05-05
"ABANTE SELECCION, FI",V83217257,ES0162946034,https://www.cnmv.es/webservices/verdocumento/ver?e=dD%2b5dwmGCEKYtBAMbmMdPBF9AsmilggJENUAXZsFSGFPhncw1vq%2fMXcb2Ceoe0G6HHTTR6oFnRjK4uNaFVc5nQ%3d%3d,data/dfi_pdfs/ES0162946034.pdf,2026-05-05
"ABANTE VALOR, FI",V83409516,ES0190052037,https://www.cnmv.es/webservices/verdocumento/ver?e=xgexlAgwp2YkG0nCwKfsJVLGHWygMxUJ5j%2bCRHECaWRPhncw1vq%2fMXcb2Ceoe0G6HHTTR6oFnRjK4uNaFVc5nQ%3d%3d,data/dfi_pdfs/ES0190052037.pdf,2026-05-05
"ABSOLUTE RETURN GOVERNMENT STRATEGIES, FI",V25953282,,,,2026-05-05
ACACIA BONOMIX FI,V95644183,,https://www.cnmv.es/webservices/verdocumento/ver?e=9L5YNr5DJu6hZeMZOBYfQzZ%2fd1qiXnN5fuusbinxUmTSp0DQidjU9F90ib%2fKeuTVZL1ryNsDmk6oXzLnK%2f452A%3d%3d,data/dfi_pdfs/V95644183.pdf,2026-05-05
"ACACIA GLOBALMIX 60-90, FI",V95833638,,https://www.cnmv.es/webservices/verdocumento/ver?e=eYZn7HriWM%2fpDXgivf2q2ipGb5NlLEXKnraCZ%2f51n5jSp0DQidjU9F90ib%2fKeuTVZL1ryNsDmk6oXzLnK%2f452A%3d%3d,data/dfi_pdfs/V95833638.pdf,2026-05-05
"ACACIA INVERMIX 30-60, FI",V95833604,,https://www.cnmv.es/webservices/verdocumento/ver?e=%2fOEQIsBkJBEuNO%2b9AsYWzywu0zKh8ne4pu7pVp4LGJvSp0DQidjU9F90ib%2fKeuTVZL1ryNsDmk6oXzLnK%2f452A%3d%3d,data/dfi_pdfs/V95833604.pdf,2026-05-05
ACACIA PREMIUM FI,V95644225,ES0105263000,https://www.cnmv.es/webservices/verdocumento/ver?e=dOfXnTh44fJOlLYXUdfSSE3ODnecp8NXK9tYwwKMZI5Phncw1vq%2fMXcb2Ceoe0G6HHTTR6oFnRjK4uNaFVc5nQ%3d%3d,data/dfi_pdfs/ES0105263000.pdf,2026-05-05
ACACIA REINVERPLUS EUROPA FI,V95644191,ES0157934003,https://www.cnmv.es/webservices/verdocumento/ver?e=dOfXnTh44fJOlLYXUdfSSNJu3mX9%2fHDzgnKMDzDMqYRPhncw1vq%2fMXcb2Ceoe0G6HHTTR6oFnRjK4uNaFVc5nQ%3d%3d,data/dfi_pdfs/ES0157934003.pdf,2026-05-05
"ACACIA RENTA CORTO PLAZO, FI",V75247676,,,,2026-05-05
"ACACIA RENTA DINAMICA, FI",V95652905,,https://www.cnmv.es/webservices/verdocumento/ver?e=RNd4tfxX6aZ0ZLtTZNP8NbrfYujwcteoQQyvMxCzb3DSp0DQidjU9F90ib%2fKeuTVZL1ryNsDmk6oXzLnK%2f452A%3d%3d,data/dfi_pdfs/V95652905.pdf,2026-05-05
"ACCION EUROSTOXX 50 ETF, FI COTIZADO ARMONIZADO",V84841055,ES0105321030,https://www.cnmv.es/webservices/verdocumento/ver?e=O200%2fFw3vCN8tHXgJORaLRnfZrbou5%2b0TWQNAaJvqNBPhncw1vq%2fMXcb2Ceoe0G6HHTTR6oFnRjK4uNaFVc5nQ%3d%3d,data/dfi_pdfs/ES0105321030.pdf,2026-05-05
"ACCION IBEX 35 ETF, FI COTIZADO ARMONIZADO",V84750637,ES0105336038,https://www.cnmv.es/webservices/verdocumento/ver?e=O200%2fFw3vCN8tHXgJORaLQ9LZdbTeJn9q5%2bgZb9OWsZPhncw1vq%2fMXcb2Ceoe0G6HHTTR6oFnRjK4uNaFVc5nQ%3d%3d,data/dfi_pdfs/ES0105336038.pdf,2026-05-05
"ACIMUT NORTH AMERICAN MANAGERS, FI",V72822133,,,,2026-05-05
"ACROPOLIS USA EQUITY, FI",V10987758,ES0176409003,https://www.cnmv.es/webservices/verdocumento/ver?e=Owz0aEjaGHhL%2bOftZ4BeAEVLSdnPQecgKwrTb53mBphPhncw1vq%2fMXcb2Ceoe0G6HHTTR6oFnRjK4uNaFVc5nQ%3d%3d,data/dfi_pdfs/ES0176409003.pdf,2026-05-05
"ACTIVE VALUE SELECTION, FI",V88036975,ES0105812004,https://www.cnmv.es/webservices/verdocumento/ver?e=zk%2fABE8X2%2fUtK1f%2fXpCkRHBiU%2frGadejG5tvFoeGeFpPhncw1vq%2fMXcb2Ceoe0G6HHTTR6oFnRjK4uNaFVc5nQ%3d%3d,data/dfi_pdfs/ES0105812004.pdf,2026-05-05
"ACURIO EUROPEAN MANAGERS, FI",V88424908,,,,2026-05-05
"ADAMANTIUM, FI",V01901362,,,,2026-05-05
"ADASTRA, FI",V87708434,,,,2026-05-05
"ADRIZA GLOBAL, FI",V85235620,,,,2026-05-05
"ADRIZA RENTA FIJA CORTO PLAZO, FI",V87913182,,https://www.cnmv.es/webservices/verdocumento/ver?e=FfYF4Cn4fDAonpAHLA%2bIwQP2IaUDSIoVVRTp2S7VMP7Sp0DQidjU9F90ib%2fKeuTVZL1ryNsDmk6oXzLnK%2f452A%3d%3d,data/dfi_pdfs/V87913182.pdf,2026-05-05
"AGAVE, FI",V88259650,ES0106136007,https://www.cnmv.es/webservices/verdocumento/ver?e=l6m%2bkXZ2Rc5b9XfxqgDQQbx6jXLDI1QTw06%2fhDq1c%2bBPhncw1vq%2fMXcb2Ceoe0G6HHTTR6oFnRjK4uNaFVc5nQ%3d%3d,data/dfi_pdfs/ES0106136007.pdf,2026-05-05
"ALBUS, FI",V65087215,,,,2026-05-05
"ALGAR GLOBAL FUND, FI",V87287553,,,,2026-05-05
"ALHAJA INVERSIONES RV MIXTO, FI",V87189460,,,,2026-05-05
"ALISIO CARTERA ISR, FI",V87983243,,https://www.cnmv.es/webservices/verdocumento/ver?e=pUyNz3eg1dPc7qGIrvmEAfnkRxEgiyHK5%2bW%2bga7pQtPSp0DQidjU9F90ib%2fKeuTVZL1ryNsDmk6oXzLnK%2f452A%3d%3d,data/dfi_pdfs/V87983243.pdf,2026-05-05
"ALLIANZ BOLSA ESPAÑOLA, FI",V88570007,ES0108192008,https://www.cnmv.es/webservices/verdocumento/ver?e=kaUcx0yJgjvfUgS%2b9xMcvf9CuFYOLKKkDkcvhR6R62BPhncw1vq%2fMXcb2Ceoe0G6HHTTR6oFnRjK4uNaFVc5nQ%3d%3d,data/dfi_pdfs/ES0108192008.pdf,2026-05-05
"ALLIANZ BONOS SELECCIÓN, FI",V27556570,ES0108164007,https://www.cnmv.es/webservices/verdocumento/ver?e=HXoDKLymwNeX80hm3CDNUT7nQCtP8Hp8hg5aXIiX1D1Phncw1vq%2fMXcb2Ceoe0G6HHTTR6oFnRjK4uNaFVc5nQ%3d%3d,data/dfi_pdfs/ES0108164007.pdf,2026-05-05
"ALLIANZ CARTERA BONOS 26, FI",V44615524,ES0108193006,https://www.cnmv.es/webservices/verdocumento/ver?e=x5%2b4DblqaQf4avXy798RtPj54QdTa0PgqcU0xgELKEhPhncw1vq%2fMXcb2Ceoe0G6HHTTR6oFnRjK4uNaFVc5nQ%3d%3d,data/dfi_pdfs/ES0108193006.pdf,2026-05-05
"ALLIANZ CARTERA DECIDIDA, FI",V88569983,ES0108240005,https://www.cnmv.es/webservices/verdocumento/ver?e=HXoDKLymwNeX80hm3CDNUbaQ5Za9nJXPJhORf7tVz1lPhncw1vq%2fMXcb2Ceoe0G6HHTTR6oFnRjK4uNaFVc5nQ%3d%3d,data/dfi_pdfs/ES0108240005.pdf,2026-05-05
"ALLIANZ CARTERA DINAMICA, FI",V88570148,ES0108232002,https://www.cnmv.es/webservices/verdocumento/ver?e=HXoDKLymwNeX80hm3CDNUYkspTaXQeB0BxKkYhV771NPhncw1vq%2fMXcb2Ceoe0G6HHTTR6oFnRjK4uNaFVc5nQ%3d%3d,data/dfi_pdfs/ES0108232002.pdf,2026-05-05
"ALLIANZ CARTERA MODERADA, FI",V88569892,ES0108373004,https://www.cnmv.es/webservices/verdocumento/ver?e=deg48p61tG3M2ejvsUaL4%2fKtkYJN6mzlsLv33aWDSs5Phncw1vq%2fMXcb2Ceoe0G6HHTTR6oFnRjK4uNaFVc5nQ%3d%3d,data/dfi_pdfs/ES0108373004.pdf,2026-05-05
"ALLIANZ CONSERVADOR DINAMICO, FI",V88570130,ES0108203003,https://www.cnmv.es/webservices/verdocumento/ver?e=HXoDKLymwNeX80hm3CDNUU6UpoqD3upinW52S2dAvGJPhncw1vq%2fMXcb2Ceoe0G6HHTTR6oFnRjK4uNaFVc5nQ%3d%3d,data/dfi_pdfs/ES0108203003.pdf,2026-05-05
"ALLIANZ RENDIMIENTO, FI",V19745181,ES0108283005,https://www.cnmv.es/webservices/verdocumento/ver?e=deg48p61tG3M2ejvsUaL44Icyro8COKKKRqzNqdEV2VPhncw1vq%2fMXcb2Ceoe0G6HHTTR6oFnRjK4uNaFVc5nQ%3d%3d,data/dfi_pdfs/ES0108283005.pdf,2026-05-05
"ALPHA INVESTMENTS, FI",V86459815,ES0139099008,https://www.cnmv.es/webservices/verdocumento/ver?e=FfKc1kMdztS%2fVA5iN7%2b3AG%2b4VpVgfk9ACSSRCADRFA5Phncw1vq%2fMXcb2Ceoe0G6HHTTR6oFnRjK4uNaFVc5nQ%3d%3d,data/dfi_pdfs/ES0139099008.pdf,2026-05-05
"ALTAIR EUROPEAN OPPORTUNITIES, FI",V87466777,,,,2026-05-05
"ALTAIR INVERSIONES II, FI",V87382172,,,,2026-05-05
"ALTAIR PATRIMONIO II, FI",V87383766,,,,2026-05-05
"ALTERNA RENTA FIJA EURO, FI",V09661638,,,,2026-05-05
"AMEINON RENTA FIJA, FI",V86936861,ES0109191009,https://www.cnmv.es/webservices/verdocumento/ver?e=ivZpPeVx1HCJV27hC01ZnfLiSY1ICa%2fI7aovLxzp195Phncw1vq%2fMXcb2Ceoe0G6HHTTR6oFnRjK4uNaFVc5nQ%3d%3d,data/dfi_pdfs/ES0109191009.pdf,2026-05-05
"AMISTRA GLOBAL, FI",V95615092,,,,2026-05-05
"AMUNDI CORTO PLAZO, FI",V80346265,,,,2026-05-05
"ÁNCORA CONSERVADOR, FI",V88642400,,,,2026-05-05
"ANNUALCYCLES STRATEGIES, FI",V-65433930,,,,2026-05-05
"ANTA QUALITY RENTA FIJA 0 - 3, FI",V56229560,,https://www.cnmv.es/webservices/verdocumento/ver?e=1%2fJ9z1AF6lBLfJqF9jgmFe4WxHmo6Rnd%2bWXQxZI8NZHSp0DQidjU9F90ib%2fKeuTVZL1ryNsDmk6oXzLnK%2f452A%3d%3d,data/dfi_pdfs/V56229560.pdf,2026-05-05
"ANTA QUALITY RENTA VARIABLE GLOBAL, FI",V56833692,,https://www.cnmv.es/webservices/verdocumento/ver?e=WN%2fe2QQ3KBVdwYdPTFxn3zx9dDTY0NS6Gk6aMwxWn8TSp0DQidjU9F90ib%2fKeuTVZL1ryNsDmk6oXzLnK%2f452A%3d%3d,data/dfi_pdfs/V56833692.pdf,2026-05-05
"ARIEMA PATENTES Y MARCAS, FI",V72603715,,,,2026-05-05
ARQUIA AHORRO CORTO PLAZO FI,V13809504,,,,2026-05-05
"ARQUIA BANCA DINAMICO 100RV, FI",V66728932,,,,2026-05-05
"ARQUIA BANCA EQUILIBRADO 60RV, FI",V66728924,,,,2026-05-05
"ARQUIA BANCA GARANTIZADO I, FI",V72591274,,,,2026-05-05
"ARQUIA BANCA INCOME RVMI, FI",V58430059,,,,2026-05-05
"ARQUIA BANCA LIDERES DEL FUTURO, FI",V66360967,,https://www.cnmv.es/webservices/verdocumento/ver?e=GKO8ndcu0%2bxSzOdzihdufwo6o4U6fmJwE1mfeSZC9CXSp0DQidjU9F90ib%2fKeuTVZL1ryNsDmk6oXzLnK%2f452A%3d%3d,data/dfi_pdfs/V66360967.pdf,2026-05-05
"ARQUIA BANCA LIDERES GLOBALES, FI",V66043803,,https://www.cnmv.es/webservices/verdocumento/ver?e=Ve9og3iADBlZm2ylP7m9TRUwKq0L%2fQb9pTzmyP9O607Sp0DQidjU9F90ib%2fKeuTVZL1ryNsDmk6oXzLnK%2f452A%3d%3d,data/dfi_pdfs/V66043803.pdf,2026-05-05
"ARQUIA BANCA PRUDENTE 30RV, FI",V66728908,,,,2026-05-05
"ARQUIA BANCA RF FLEXIBLE, FI",V88614524,,,,2026-05-05
ARQUIA BOLSA GARANTIZADO I FI,V55384465,ES0147714002,https://www.cnmv.es/webservices/verdocumento/ver?e=OXWqbyx634ABoQBBEz70s59279UH1DxzyF%2b0CcBXLjFPhncw1vq%2fMXcb2Ceoe0G6HHTTR6oFnRjK4uNaFVc5nQ%3d%3d,data/dfi_pdfs/ES0147714002.pdf,2026-05-05
ARQUIA BOLSA GARANTIZADO II FI,V75775858,ES0147715009,https://www.cnmv.es/webservices/verdocumento/ver?e=sqhIwNaTQ1aLArtLZMan2Xi7T5IbRAQ4gTMn%2fKGLuGFPhncw1vq%2fMXcb2Ceoe0G6HHTTR6oFnRjK4uNaFVc5nQ%3d%3d,data/dfi_pdfs/ES0147715009.pdf,2026-05-05
ARQUIA GARANTIZADO 2027 FI,V56383227,ES0110252006,https://www.cnmv.es/webservices/verdocumento/ver?e=htMKs%2fD%2bcyLRHcNXun8IHsZmDnWgv9O6v0PWr85ELghPhncw1vq%2fMXcb2Ceoe0G6HHTTR6oFnRjK4uNaFVc5nQ%3d%3d,data/dfi_pdfs/ES0110252006.pdf,2026-05-05
ARQUIA GARANTIZADO 2027 II FI,V70775721,ES0110196005,https://www.cnmv.es/webservices/verdocumento/ver?e=BlwMk%2fDrrasSnu3K7FNMYYZh10CS%2fjqoYI0donW%2bT0pPhncw1vq%2fMXcb2Ceoe0G6HHTTR6oFnRjK4uNaFVc5nQ%3d%3d,data/dfi_pdfs/ES0110196005.pdf,2026-05-05
ARQUIA RENTABILIDAD 2029 FI,V75767202,ES0110197003,https://www.cnmv.es/webservices/verdocumento/ver?e=pnqL5tI8b7SU0OwHnSX8GAV22T3vQiZe3PO5I4aDTdJPhncw1vq%2fMXcb2Ceoe0G6HHTTR6oFnRjK4uNaFVc5nQ%3d%3d,data/dfi_pdfs/ES0110197003.pdf,2026-05-05
ARQUIA RENTABILIDAD PLUS FI,V25991324,ES0110198001,https://www.cnmv.es/webservices/verdocumento/ver?e=o%2fHH6Q9dH0CR6MX324dSRt%2bLFGeqlMxHtTsH1AHTFu9Phncw1vq%2fMXcb2Ceoe0G6HHTTR6oFnRjK4uNaFVc5nQ%3d%3d,data/dfi_pdfs/ES0110198001.pdf,2026-05-05
"ARQUIA RF EURO, FI",V63030274,,,,2026-05-05
"ASPE GLOBAL, FI",V26642041,,,,2026-05-05
"ATL CAPITAL BEST MANAGERS, FI",V84462001,,,,2026-05-05
"ATL CAPITAL CARTERA DINAMICA, FI",V85271096,,,,2026-05-05
"ATL CAPITAL CARTERA PATRIMONIO, FI",V85271120,,,,2026-05-05
"ATL CAPITAL CARTERA RENTA VARIABLE, FI",V87113551,,,,2026-05-05
"ATL CAPITAL CARTERA TACTICA, FI",V85271161,,,,2026-05-05
"ATL CAPITAL CORTO PLAZO, FI",V84462019,,,,2026-05-05
"ATL CAPITAL RENTA FIJA 2027,FI",V72622384,,,,2026-05-05
"ATL CAPITAL RENTA FIJA, FI",V85641959,,,,2026-05-05
"ATMOS GLOBAL, FI",V72467327,ES0111089001,https://www.cnmv.es/webservices/verdocumento/ver?e=EeKnIMzNvPX3EQDcH5Rxiu8i4yP7ogkmY%2bGAHg1X7nxPhncw1vq%2fMXcb2Ceoe0G6HHTTR6oFnRjK4uNaFVc5nQ%3d%3d,data/dfi_pdfs/ES0111089001.pdf,2026-05-05
"A&G RENTA FIJA CORTO PLAZO, FI",V85405082,ES0156873004,https://www.cnmv.es/webservices/verdocumento/ver?e=6aYVuK2EAGW0ZUED2unhoGFsA8oWqd95ZjkjEP31iYhPhncw1vq%2fMXcb2Ceoe0G6HHTTR6oFnRjK4uNaFVc5nQ%3d%3d,data/dfi_pdfs/ES0156873004.pdf,2026-07-03
"A&P LIFESCIENCE FUND, FI",V06985584,,,,2026-07-03
ABACO GLOBAL VALUE OPPORTUNITIES FI,V87152088,,,,2026-07-03
"ABACO RENTA FIJA MIXTA GLOBAL, FI",V86467461,,,,2026-07-03
"ABACO RENTA FIJA, FI",V06983548,,,,2026-07-03
"A&G RENTA FIJA CORTO PLAZO, FI",V85405082,ES0156873004,https://www.cnmv.es/webservices/verdocumento/ver?e=6aYVuK2EAGW0ZUED2unhoGFsA8oWqd95ZjkjEP31iYhPhncw1vq%2fMXcb2Ceoe0G6HHTTR6oFnRjK4uNaFVc5nQ%3d%3d,data/dfi_pdfs/ES0156873004.pdf,2026-07-03
"A&P LIFESCIENCE FUND, FI",V06985584,,,,2026-07-03
ABACO GLOBAL VALUE OPPORTUNITIES FI,V87152088,,,,2026-07-03
"ABACO RENTA FIJA MIXTA GLOBAL, FI",V86467461,,,,2026-07-03
"ABACO RENTA FIJA, FI",V06983548,,,,2026-07-03
"ABANCA AHORRO, FI",V20512356,,https://www.cnmv.es/webservices/verdocumento/ver?e=RYbhVzxexCGjmY%2bh9U6PQ%2fCI%2fQDP6TymVLYpNIRT0OD%2fZOco2KphCxQ%2fKRraexAOZKW%2fSUYvHW%2fpUdpoY93V3Q%3d%3d,data/dfi_pdfs/V20512356.pdf,2026-07-03
"ABANCA BONOS CORPORATIVOS, FI",V84857739,,https://www.cnmv.es/webservices/verdocumento/ver?e=aJg%2fhkYGrjZ1LnuxCkFHNUirJPVRE%2f8hh%2bA1ivu5M2jSp0DQidjU9F90ib%2fKeuTVZL1ryNsDmk6oXzLnK%2f452A%3d%3d,data/dfi_pdfs/V84857739.pdf,2026-07-03
"ABANCA FONDEPOSITO, FI",V84564624,,,,2026-07-03
"ABANCA GESTION, FI",V86844974,,,,2026-07-03
"ABANCA INDICE RENTA VARIABLE EMERGENTE, FI",V05379300,ES0162956009,https://www.cnmv.es/webservices/verdocumento/ver?e=LWi5K2emoSdP6KWmROpQd2e09JJLKUVUoyMTcjfD3fpPhncw1vq%2fMXcb2Ceoe0G6HHTTR6oFnRjK4uNaFVc5nQ%3d%3d,data/dfi_pdfs/ES0162956009.pdf,2026-07-03
"ABANCA RENTA FIJA GOBIERNOS, FI",V05379383,,https://www.cnmv.es/webservices/verdocumento/ver?e=mkUy6YyfEI6%2bqX3MHCg4YAh%2bQb8P13tI91ktX3W5owDSp0DQidjU9F90ib%2fKeuTVZL1ryNsDmk6oXzLnK%2f452A%3d%3d,data/dfi_pdfs/V05379383.pdf,2026-07-03
"ABANCA RENTA FIJA MIXTA, FI",V87109906,,,,2026-07-03
"ABANCA RENTA FIJA PATRIMONIO, FI",V85377406,,https://www.cnmv.es/webservices/verdocumento/ver?e=MAiikehaD3xZ%2bEWX9J7jlNzYeAdYjx6ADV3%2fIrMjl6%2fSp0DQidjU9F90ib%2fKeuTVZL1ryNsDmk6oXzLnK%2f452A%3d%3d,data/dfi_pdfs/V85377406.pdf,2026-07-03
"ABANCA RENTA VARIABLE CRECIMIENTO, FI",V84053982,,https://www.cnmv.es/webservices/verdocumento/ver?e=cc%2brvellLBha308tFGD%2bhggBQPyN2XIsT7BIioKy4O%2fSp0DQidjU9F90ib%2fKeuTVZL1ryNsDmk6oXzLnK%2f452A%3d%3d,data/dfi_pdfs/V84053982.pdf,2026-07-03
"ABANCA RENTA VARIABLE DIVIDENDO, FI",V87112173,,https://www.cnmv.es/webservices/verdocumento/ver?e=PxBqPrQptxdl9viR5tRz56ZQATT2Hq7pMiF25ZyJkaDSp0DQidjU9F90ib%2fKeuTVZL1ryNsDmk6oXzLnK%2f452A%3d%3d,data/dfi_pdfs/V87112173.pdf,2026-07-03
"ABANCA RENTA VARIABLE MIXTA, FI",V80714306,,,,2026-07-03
"ABANDO EQUITIES, FI",V85439560,ES0109656001,https://www.cnmv.es/webservices/verdocumento/ver?e=l6m%2bkXZ2Rc5b9XfxqgDQQZ5IoRTwl2SnDcf8CibD%2bLpPhncw1vq%2fMXcb2Ceoe0G6HHTTR6oFnRjK4uNaFVc5nQ%3d%3d,data/dfi_pdfs/ES0109656001.pdf,2026-07-03
"ABANTE ASESORES GLOBAL, FI",V83217208,ES0109652034,https://www.cnmv.es/webservices/verdocumento/ver?e=xgexlAgwp2YkG0nCwKfsJWzEYlrnLN1uXJ4nvLOXFdRPhncw1vq%2fMXcb2Ceoe0G6HHTTR6oFnRjK4uNaFVc5nQ%3d%3d,data/dfi_pdfs/ES0109652034.pdf,2026-07-03
"ABANTE BOLSA, FI",V83217299,ES0105011037,https://www.cnmv.es/webservices/verdocumento/ver?e=xgexlAgwp2YkG0nCwKfsJYj%2fC1oIZs9ISrBfBp0uYNFPhncw1vq%2fMXcb2Ceoe0G6HHTTR6oFnRjK4uNaFVc5nQ%3d%3d,data/dfi_pdfs/ES0105011037.pdf,2026-07-03
Abante Cartera Renta Fija FI,V86239720,ES0160741007,https://www.cnmv.es/webservices/verdocumento/ver?e=dD%2b5dwmGCEKYtBAMbmMdPAJhMMh5srmyDDVvwkgsFJZPhncw1vq%2fMXcb2Ceoe0G6HHTTR6oFnRjK4uNaFVc5nQ%3d%3d,data/dfi_pdfs/ES0160741007.pdf,2026-07-03
"A&G RENTA FIJA CORTO PLAZO, FI",V85405082,ES0156873004,https://www.cnmv.es/webservices/verdocumento/ver?e=6aYVuK2EAGW0ZUED2unhoGFsA8oWqd95ZjkjEP31iYhPhncw1vq%2fMXcb2Ceoe0G6HHTTR6oFnRjK4uNaFVc5nQ%3d%3d,data/dfi_pdfs/ES0156873004.pdf,2026-07-03
"A&P LIFESCIENCE FUND, FI",V06985584,,https://www.cnmv.es/webservices/verdocumento/ver?e=ia5FlCZex4mxU2FEk%2bObPnjH%2bVxXzJBEUKxhSZXBfNjqOgU1uVWNKSQ6qVITbGv4QHwwYK8cyUuWMnhJx46m%2fw%3d%3d,data/dfi_pdfs/V06985584.pdf,2026-07-03
ABACO GLOBAL VALUE OPPORTUNITIES FI,V87152088,,https://www.cnmv.es/webservices/verdocumento/ver?e=Z0XgRt6DE4acZrz4rvbkunjH%2bVxXzJBEUKxhSZXBfNjqOgU1uVWNKSQ6qVITbGv4QHwwYK8cyUuWMnhJx46m%2fw%3d%3d,data/dfi_pdfs/V87152088.pdf,2026-07-03
"ABACO RENTA FIJA MIXTA GLOBAL, FI",V86467461,,https://www.cnmv.es/webservices/verdocumento/ver?e=uh8h%2fsoaAXMhtSuqfCPZKHjH%2bVxXzJBEUKxhSZXBfNjqOgU1uVWNKSQ6qVITbGv4QHwwYK8cyUuWMnhJx46m%2fw%3d%3d,data/dfi_pdfs/V86467461.pdf,2026-07-03
"ABACO RENTA FIJA, FI",V06983548,,https://www.cnmv.es/webservices/verdocumento/ver?e=LD7YULqD3v2TKxbAh9D%2bqnjH%2bVxXzJBEUKxhSZXBfNjqOgU1uVWNKSQ6qVITbGv4QHwwYK8cyUuWMnhJx46m%2fw%3d%3d,data/dfi_pdfs/V06983548.pdf,2026-07-03
"ABANCA AHORRO, FI",V20512356,,https://www.cnmv.es/webservices/verdocumento/ver?e=%2fShFZ%2bWjMMDlipg0vOrqtSgqisxA3BuYqL17mIlOeSXxcPPBMHnf5a0YXkYAZpDEw3vV4mD7xAA3I2YQnBX9gQ%3d%3d,data/dfi_pdfs/V20512356.pdf,2026-07-03
"ABANCA BONOS CORPORATIVOS, FI",V84857739,,https://www.cnmv.es/webservices/verdocumento/ver?e=aJg%2fhkYGrjZ1LnuxCkFHNXjH%2bVxXzJBEUKxhSZXBfNjqOgU1uVWNKSQ6qVITbGv4QHwwYK8cyUuWMnhJx46m%2fw%3d%3d,data/dfi_pdfs/V84857739.pdf,2026-07-03
"ABANCA FONDEPOSITO, FI",V84564624,,https://www.cnmv.es/webservices/verdocumento/ver?e=s%2bksxqntGYvplGj%2bdtKHfHjH%2bVxXzJBEUKxhSZXBfNjqOgU1uVWNKSQ6qVITbGv4QHwwYK8cyUuWMnhJx46m%2fw%3d%3d,data/dfi_pdfs/V84564624.pdf,2026-07-03
"ABANCA GESTION, FI",V86844974,,https://www.cnmv.es/webservices/verdocumento/ver?e=%2bBRfYw2gUdAbs90P9MokFHjH%2bVxXzJBEUKxhSZXBfNjqOgU1uVWNKSQ6qVITbGv4QHwwYK8cyUuWMnhJx46m%2fw%3d%3d,data/dfi_pdfs/V86844974.pdf,2026-07-03
"ABANCA INDICE RENTA VARIABLE EMERGENTE, FI",V05379300,ES0162956009,https://www.cnmv.es/webservices/verdocumento/ver?e=LWi5K2emoSdP6KWmROpQd2e09JJLKUVUoyMTcjfD3fpPhncw1vq%2fMXcb2Ceoe0G6HHTTR6oFnRjK4uNaFVc5nQ%3d%3d,data/dfi_pdfs/ES0162956009.pdf,2026-07-03
"ABANCA RENTA FIJA GOBIERNOS, FI",V05379383,,https://www.cnmv.es/webservices/verdocumento/ver?e=mkUy6YyfEI6%2bqX3MHCg4YHjH%2bVxXzJBEUKxhSZXBfNjqOgU1uVWNKSQ6qVITbGv4QHwwYK8cyUuWMnhJx46m%2fw%3d%3d,data/dfi_pdfs/V05379383.pdf,2026-07-03
"ABANCA RENTA FIJA MIXTA, FI",V87109906,,https://www.cnmv.es/webservices/verdocumento/ver?e=nmHgpBCyzPpm6QoZr6Zz23jH%2bVxXzJBEUKxhSZXBfNjqOgU1uVWNKSQ6qVITbGv4QHwwYK8cyUuWMnhJx46m%2fw%3d%3d,data/dfi_pdfs/V87109906.pdf,2026-07-03
"ABANCA RENTA FIJA PATRIMONIO, FI",V85377406,,https://www.cnmv.es/webservices/verdocumento/ver?e=MAiikehaD3xZ%2bEWX9J7jlHjH%2bVxXzJBEUKxhSZXBfNjqOgU1uVWNKSQ6qVITbGv4QHwwYK8cyUuWMnhJx46m%2fw%3d%3d,data/dfi_pdfs/V85377406.pdf,2026-07-03
"ABANCA RENTA VARIABLE CRECIMIENTO, FI",V84053982,,https://www.cnmv.es/webservices/verdocumento/ver?e=cc%2brvellLBha308tFGD%2bhnjH%2bVxXzJBEUKxhSZXBfNjqOgU1uVWNKSQ6qVITbGv4QHwwYK8cyUuWMnhJx46m%2fw%3d%3d,data/dfi_pdfs/V84053982.pdf,2026-07-03
"ABANCA RENTA VARIABLE DIVIDENDO, FI",V87112173,,https://www.cnmv.es/webservices/verdocumento/ver?e=PxBqPrQptxdl9viR5tRz53jH%2bVxXzJBEUKxhSZXBfNjqOgU1uVWNKSQ6qVITbGv4QHwwYK8cyUuWMnhJx46m%2fw%3d%3d,data/dfi_pdfs/V87112173.pdf,2026-07-03
"ABANCA RENTA VARIABLE MIXTA, FI",V80714306,,https://www.cnmv.es/webservices/verdocumento/ver?e=j6QltYHhXH7jnJ1Wl1KsFigqisxA3BuYqL17mIlOeSXxcPPBMHnf5a0YXkYAZpDEw3vV4mD7xAA3I2YQnBX9gQ%3d%3d,data/dfi_pdfs/V80714306.pdf,2026-07-03
"ABANDO EQUITIES, FI",V85439560,ES0109656001,https://www.cnmv.es/webservices/verdocumento/ver?e=l6m%2bkXZ2Rc5b9XfxqgDQQZ5IoRTwl2SnDcf8CibD%2bLpPhncw1vq%2fMXcb2Ceoe0G6HHTTR6oFnRjK4uNaFVc5nQ%3d%3d,data/dfi_pdfs/ES0109656001.pdf,2026-07-03
"ABANTE ASESORES GLOBAL, FI",V83217208,ES0109652034,https://www.cnmv.es/webservices/verdocumento/ver?e=xgexlAgwp2YkG0nCwKfsJWzEYlrnLN1uXJ4nvLOXFdRPhncw1vq%2fMXcb2Ceoe0G6HHTTR6oFnRjK4uNaFVc5nQ%3d%3d,data/dfi_pdfs/ES0109652034.pdf,2026-07-03
"ABANTE BOLSA, FI",V83217299,ES0105011037,https://www.cnmv.es/webservices/verdocumento/ver?e=xgexlAgwp2YkG0nCwKfsJYj%2fC1oIZs9ISrBfBp0uYNFPhncw1vq%2fMXcb2Ceoe0G6HHTTR6oFnRjK4uNaFVc5nQ%3d%3d,data/dfi_pdfs/ES0105011037.pdf,2026-07-03
Abante Cartera Renta Fija FI,V86239720,ES0160741007,https://www.cnmv.es/webservices/verdocumento/ver?e=dD%2b5dwmGCEKYtBAMbmMdPAJhMMh5srmyDDVvwkgsFJZPhncw1vq%2fMXcb2Ceoe0G6HHTTR6oFnRjK4uNaFVc5nQ%3d%3d,data/dfi_pdfs/ES0160741007.pdf,2026-07-03
ABANTE INDICE BOLSA FI,V87884292,,https://www.cnmv.es/webservices/verdocumento/ver?e=1HwH3TptFB8HaaKQKKPUcHjH%2bVxXzJBEUKxhSZXBfNjqOgU1uVWNKSQ6qVITbGv4QHwwYK8cyUuWMnhJx46m%2fw%3d%3d,data/dfi_pdfs/V87884292.pdf,2026-07-03
"ABANTE INDICE SELECCION, FI",V87884508,,https://www.cnmv.es/webservices/verdocumento/ver?e=9Nvk6HjyguSDkzwBZ4p3H3jH%2bVxXzJBEUKxhSZXBfNjqOgU1uVWNKSQ6qVITbGv4QHwwYK8cyUuWMnhJx46m%2fw%3d%3d,data/dfi_pdfs/V87884508.pdf,2026-07-03
"ABANTE MODERADO, FI",V84288323,,https://www.cnmv.es/webservices/verdocumento/ver?e=9Qug5RKwR17xebVoU6KiDHjH%2bVxXzJBEUKxhSZXBfNjqOgU1uVWNKSQ6qVITbGv4QHwwYK8cyUuWMnhJx46m%2fw%3d%3d,data/dfi_pdfs/V84288323.pdf,2026-07-03
"ABANTE QUANT VALUE, F.I.",V87919460,ES0162950002,https://www.cnmv.es/webservices/verdocumento/ver?e=dD%2b5dwmGCEKYtBAMbmMdPBEd1vKGTWbHWS3h9snTTblPhncw1vq%2fMXcb2Ceoe0G6HHTTR6oFnRjK4uNaFVc5nQ%3d%3d,data/dfi_pdfs/ES0162950002.pdf,2026-07-03
"ABANTE RENTA FIJA CORTO PLAZO, FI",V83217232,ES0190051039,https://www.cnmv.es/webservices/verdocumento/ver?e=xgexlAgwp2YkG0nCwKfsJdloFJSMtqiRP84ED1pcUfdPhncw1vq%2fMXcb2Ceoe0G6HHTTR6oFnRjK4uNaFVc5nQ%3d%3d,data/dfi_pdfs/ES0190051039.pdf,2026-07-03
"ABANTE RENTA, FI",V84287952,ES0162947032,https://www.cnmv.es/webservices/verdocumento/ver?e=dD%2b5dwmGCEKYtBAMbmMdPGLRDCHjEPzdYQshPVTxtg9Phncw1vq%2fMXcb2Ceoe0G6HHTTR6oFnRjK4uNaFVc5nQ%3d%3d,data/dfi_pdfs/ES0162947032.pdf,2026-07-03
"ABANTE SECTOR INMOBILIARIO, FI",V85264687,,https://www.cnmv.es/webservices/verdocumento/ver?e=CkRJeFKMoRWnMeeOC2jdp3jH%2bVxXzJBEUKxhSZXBfNjqOgU1uVWNKSQ6qVITbGv4QHwwYK8cyUuWMnhJx46m%2fw%3d%3d,data/dfi_pdfs/V85264687.pdf,2026-07-03
"ABANTE SELECCION, FI",V83217257,ES0162946034,https://www.cnmv.es/webservices/verdocumento/ver?e=dD%2b5dwmGCEKYtBAMbmMdPBF9AsmilggJENUAXZsFSGFPhncw1vq%2fMXcb2Ceoe0G6HHTTR6oFnRjK4uNaFVc5nQ%3d%3d,data/dfi_pdfs/ES0162946034.pdf,2026-07-03
"ABANTE VALOR, FI",V83409516,ES0190052037,https://www.cnmv.es/webservices/verdocumento/ver?e=xgexlAgwp2YkG0nCwKfsJVLGHWygMxUJ5j%2bCRHECaWRPhncw1vq%2fMXcb2Ceoe0G6HHTTR6oFnRjK4uNaFVc5nQ%3d%3d,data/dfi_pdfs/ES0190052037.pdf,2026-07-03
"ABSOLUTE RETURN GOVERNMENT STRATEGIES, FI",V25953282,,https://www.cnmv.es/webservices/verdocumento/ver?e=k%2bIkljycCJItglUO1kcUMnjH%2bVxXzJBEUKxhSZXBfNjqOgU1uVWNKSQ6qVITbGv4QHwwYK8cyUuWMnhJx46m%2fw%3d%3d,data/dfi_pdfs/V25953282.pdf,2026-07-03
ACACIA BONOMIX FI,V95644183,,https://www.cnmv.es/webservices/verdocumento/ver?e=9L5YNr5DJu6hZeMZOBYfQ3jH%2bVxXzJBEUKxhSZXBfNjqOgU1uVWNKSQ6qVITbGv4QHwwYK8cyUuWMnhJx46m%2fw%3d%3d,data/dfi_pdfs/V95644183.pdf,2026-07-03
"ACACIA GLOBALMIX 60-90, FI",V95833638,,https://www.cnmv.es/webservices/verdocumento/ver?e=eYZn7HriWM%2fpDXgivf2q2njH%2bVxXzJBEUKxhSZXBfNjqOgU1uVWNKSQ6qVITbGv4QHwwYK8cyUuWMnhJx46m%2fw%3d%3d,data/dfi_pdfs/V95833638.pdf,2026-07-03
"ACACIA INVERMIX 30-60, FI",V95833604,,https://www.cnmv.es/webservices/verdocumento/ver?e=%2fOEQIsBkJBEuNO%2b9AsYWz3jH%2bVxXzJBEUKxhSZXBfNjqOgU1uVWNKSQ6qVITbGv4QHwwYK8cyUuWMnhJx46m%2fw%3d%3d,data/dfi_pdfs/V95833604.pdf,2026-07-03
ACACIA PREMIUM FI,V95644225,ES0105263000,https://www.cnmv.es/webservices/verdocumento/ver?e=F2lDw8KepP0ADGp%2fay4VlayUaHe41161F9aRz3bEOWtPhncw1vq%2fMXcb2Ceoe0G6HHTTR6oFnRjK4uNaFVc5nQ%3d%3d,data/dfi_pdfs/ES0105263000.pdf,2026-07-03
ACACIA REINVERPLUS EUROPA FI,V95644191,ES0157934003,https://www.cnmv.es/webservices/verdocumento/ver?e=F2lDw8KepP0ADGp%2fay4VlZ%2f9hfxvXqe0ozSt27S7GUNPhncw1vq%2fMXcb2Ceoe0G6HHTTR6oFnRjK4uNaFVc5nQ%3d%3d,data/dfi_pdfs/ES0157934003.pdf,2026-07-03
"ACACIA RENTA CORTO PLAZO, FI",V75247676,,https://www.cnmv.es/webservices/verdocumento/ver?e=adcB%2b37Hc1Eulvff8edmonjH%2bVxXzJBEUKxhSZXBfNjqOgU1uVWNKSQ6qVITbGv4QHwwYK8cyUuWMnhJx46m%2fw%3d%3d,data/dfi_pdfs/V75247676.pdf,2026-07-03
"ACACIA RENTA DINAMICA, FI",V95652905,,https://www.cnmv.es/webservices/verdocumento/ver?e=RNd4tfxX6aZ0ZLtTZNP8NXjH%2bVxXzJBEUKxhSZXBfNjqOgU1uVWNKSQ6qVITbGv4QHwwYK8cyUuWMnhJx46m%2fw%3d%3d,data/dfi_pdfs/V95652905.pdf,2026-07-03
"ACCION EUROSTOXX 50 ETF, FI COTIZADO ARMONIZADO",V84841055,ES0105321030,https://www.cnmv.es/webservices/verdocumento/ver?e=O200%2fFw3vCN8tHXgJORaLRnfZrbou5%2b0TWQNAaJvqNBPhncw1vq%2fMXcb2Ceoe0G6HHTTR6oFnRjK4uNaFVc5nQ%3d%3d,data/dfi_pdfs/ES0105321030.pdf,2026-07-03
"ACCION IBEX 35 ETF, FI COTIZADO ARMONIZADO",V84750637,ES0105336038,https://www.cnmv.es/webservices/verdocumento/ver?e=O200%2fFw3vCN8tHXgJORaLQ9LZdbTeJn9q5%2bgZb9OWsZPhncw1vq%2fMXcb2Ceoe0G6HHTTR6oFnRjK4uNaFVc5nQ%3d%3d,data/dfi_pdfs/ES0105336038.pdf,2026-07-03
"ACIMUT NORTH AMERICAN MANAGERS, FI",V72822133,,https://www.cnmv.es/webservices/verdocumento/ver?e=JGP9U5zFsTBDjeyHoypRJ3jH%2bVxXzJBEUKxhSZXBfNjqOgU1uVWNKSQ6qVITbGv4QHwwYK8cyUuWMnhJx46m%2fw%3d%3d,data/dfi_pdfs/V72822133.pdf,2026-07-03
"ACROPOLIS USA EQUITY, FI",V10987758,ES0176409003,https://www.cnmv.es/webservices/verdocumento/ver?e=Owz0aEjaGHhL%2bOftZ4BeAEVLSdnPQecgKwrTb53mBphPhncw1vq%2fMXcb2Ceoe0G6HHTTR6oFnRjK4uNaFVc5nQ%3d%3d,data/dfi_pdfs/ES0176409003.pdf,2026-07-03
"ACTIVE VALUE SELECTION, FI",V88036975,ES0105812004,https://www.cnmv.es/webservices/verdocumento/ver?e=zk%2fABE8X2%2fUtK1f%2fXpCkRHBiU%2frGadejG5tvFoeGeFpPhncw1vq%2fMXcb2Ceoe0G6HHTTR6oFnRjK4uNaFVc5nQ%3d%3d,data/dfi_pdfs/ES0105812004.pdf,2026-07-03
"ACURIO EUROPEAN MANAGERS, FI",V88424908,,https://www.cnmv.es/webservices/verdocumento/ver?e=YSZo6C9jDKOWPXRSbfGBW3jH%2bVxXzJBEUKxhSZXBfNjqOgU1uVWNKSQ6qVITbGv4QHwwYK8cyUuWMnhJx46m%2fw%3d%3d,data/dfi_pdfs/V88424908.pdf,2026-07-03
"ADAMANTIUM, FI",V01901362,,https://www.cnmv.es/webservices/verdocumento/ver?e=N7aR7VuHEv1qcWnSyGQmLXjH%2bVxXzJBEUKxhSZXBfNjqOgU1uVWNKSQ6qVITbGv4QHwwYK8cyUuWMnhJx46m%2fw%3d%3d,data/dfi_pdfs/V01901362.pdf,2026-07-03
"ADASTRA, FI",V87708434,,https://www.cnmv.es/webservices/verdocumento/ver?e=xx50tCiH%2b%2bG8c%2fUEC9cyCHjH%2bVxXzJBEUKxhSZXBfNjqOgU1uVWNKSQ6qVITbGv4QHwwYK8cyUuWMnhJx46m%2fw%3d%3d,data/dfi_pdfs/V87708434.pdf,2026-07-03
"ADRIZA GLOBAL, FI",V85235620,,https://www.cnmv.es/webservices/verdocumento/ver?e=3meE4vd9neyDM5D%2fQLv%2btnjH%2bVxXzJBEUKxhSZXBfNjqOgU1uVWNKSQ6qVITbGv4QHwwYK8cyUuWMnhJx46m%2fw%3d%3d,data/dfi_pdfs/V85235620.pdf,2026-07-03
"ADRIZA RENTA FIJA CORTO PLAZO, FI",V87913182,,https://www.cnmv.es/webservices/verdocumento/ver?e=FfYF4Cn4fDAonpAHLA%2bIwXjH%2bVxXzJBEUKxhSZXBfNjqOgU1uVWNKSQ6qVITbGv4QHwwYK8cyUuWMnhJx46m%2fw%3d%3d,data/dfi_pdfs/V87913182.pdf,2026-07-03
"ADVISORY GPS EUROPEAN EQUITY, FI",V88683362,ES0182754004,https://www.cnmv.es/webservices/verdocumento/ver?e=O7n3%2fG%2fatcuW29hxFxKGhU9FXs5uPvrOdCn703PoWHhPhncw1vq%2fMXcb2Ceoe0G6HHTTR6oFnRjK4uNaFVc5nQ%3d%3d,data/dfi_pdfs/ES0182754004.pdf,2026-07-03
"ADVISORY GPS US EQUITY, FI",V88683321,ES0119377002,https://www.cnmv.es/webservices/verdocumento/ver?e=O7n3%2fG%2fatcuW29hxFxKGhXhx74o%2fr0INfN02hO7fuNhPhncw1vq%2fMXcb2Ceoe0G6HHTTR6oFnRjK4uNaFVc5nQ%3d%3d,data/dfi_pdfs/ES0119377002.pdf,2026-07-03
"AGAVE, FI",V88259650,ES0106136007,https://www.cnmv.es/webservices/verdocumento/ver?e=l6m%2bkXZ2Rc5b9XfxqgDQQbx6jXLDI1QTw06%2fhDq1c%2bBPhncw1vq%2fMXcb2Ceoe0G6HHTTR6oFnRjK4uNaFVc5nQ%3d%3d,data/dfi_pdfs/ES0106136007.pdf,2026-07-03
"AKIRA GLOBAL VALUE, FI",V88739131,ES0107479000,https://www.cnmv.es/webservices/verdocumento/ver?e=ka7mAtqJCwp%2fc2fhh2hUXDAdU4%2bIwT%2bJ92GksUYuSj5Phncw1vq%2fMXcb2Ceoe0G6HHTTR6oFnRjK4uNaFVc5nQ%3d%3d,data/dfi_pdfs/ES0107479000.pdf,2026-07-03
"ALBUS, FI",V65087215,,https://www.cnmv.es/webservices/verdocumento/ver?e=%2fOGBjC9OArFWz6iheehiz3jH%2bVxXzJBEUKxhSZXBfNjqOgU1uVWNKSQ6qVITbGv4QHwwYK8cyUuWMnhJx46m%2fw%3d%3d,data/dfi_pdfs/V65087215.pdf,2026-07-03
"ALGAR GLOBAL FUND, FI",V87287553,,https://www.cnmv.es/webservices/verdocumento/ver?e=%2bApu88b%2bxBVEl5koqXAa9njH%2bVxXzJBEUKxhSZXBfNjqOgU1uVWNKSQ6qVITbGv4QHwwYK8cyUuWMnhJx46m%2fw%3d%3d,data/dfi_pdfs/V87287553.pdf,2026-07-03
"ALHAJA INVERSIONES RV MIXTO, FI",V87189460,ES0108191000,https://www.cnmv.es/webservices/verdocumento/ver?e=t%2fc1PwYWUDPXfoF9XvdPGxzn%2bdbFFVX7NH2kDKX0g19Phncw1vq%2fMXcb2Ceoe0G6HHTTR6oFnRjK4uNaFVc5nQ%3d%3d,data/dfi_pdfs/ES0108191000.pdf,2026-07-03
"ALISIO CARTERA ISR, FI",V87983243,,https://www.cnmv.es/webservices/verdocumento/ver?e=pUyNz3eg1dPc7qGIrvmEAXjH%2bVxXzJBEUKxhSZXBfNjqOgU1uVWNKSQ6qVITbGv4QHwwYK8cyUuWMnhJx46m%2fw%3d%3d,data/dfi_pdfs/V87983243.pdf,2026-07-03
"ALLIANZ BOLSA ESPAÑOLA, FI",V88570007,ES0108192008,https://www.cnmv.es/webservices/verdocumento/ver?e=kaUcx0yJgjvfUgS%2b9xMcvf9CuFYOLKKkDkcvhR6R62BPhncw1vq%2fMXcb2Ceoe0G6HHTTR6oFnRjK4uNaFVc5nQ%3d%3d,data/dfi_pdfs/ES0108192008.pdf,2026-07-03
"ALLIANZ BONOS SELECCIÓN, FI",V27556570,ES0108164007,https://www.cnmv.es/webservices/verdocumento/ver?e=HXoDKLymwNeX80hm3CDNUT7nQCtP8Hp8hg5aXIiX1D1Phncw1vq%2fMXcb2Ceoe0G6HHTTR6oFnRjK4uNaFVc5nQ%3d%3d,data/dfi_pdfs/ES0108164007.pdf,2026-07-03
"ALLIANZ CARTERA BONOS 26, FI",V44615524,ES0108193006,https://www.cnmv.es/webservices/verdocumento/ver?e=x5%2b4DblqaQf4avXy798RtPj54QdTa0PgqcU0xgELKEhPhncw1vq%2fMXcb2Ceoe0G6HHTTR6oFnRjK4uNaFVc5nQ%3d%3d,data/dfi_pdfs/ES0108193006.pdf,2026-07-03
"ALLIANZ CARTERA DECIDIDA, FI",V88569983,ES0108240005,https://www.cnmv.es/webservices/verdocumento/ver?e=HXoDKLymwNeX80hm3CDNUbaQ5Za9nJXPJhORf7tVz1lPhncw1vq%2fMXcb2Ceoe0G6HHTTR6oFnRjK4uNaFVc5nQ%3d%3d,data/dfi_pdfs/ES0108240005.pdf,2026-07-03
"ALLIANZ CARTERA DINAMICA, FI",V88570148,ES0108232002,https://www.cnmv.es/webservices/verdocumento/ver?e=HXoDKLymwNeX80hm3CDNUYkspTaXQeB0BxKkYhV771NPhncw1vq%2fMXcb2Ceoe0G6HHTTR6oFnRjK4uNaFVc5nQ%3d%3d,data/dfi_pdfs/ES0108232002.pdf,2026-07-03
"ALLIANZ CARTERA MODERADA, FI",V88569892,ES0108373004,https://www.cnmv.es/webservices/verdocumento/ver?e=deg48p61tG3M2ejvsUaL4%2fKtkYJN6mzlsLv33aWDSs5Phncw1vq%2fMXcb2Ceoe0G6HHTTR6oFnRjK4uNaFVc5nQ%3d%3d,data/dfi_pdfs/ES0108373004.pdf,2026-07-03
"ALLIANZ CONSERVADOR DINAMICO, FI",V88570130,ES0108203003,https://www.cnmv.es/webservices/verdocumento/ver?e=HXoDKLymwNeX80hm3CDNUU6UpoqD3upinW52S2dAvGJPhncw1vq%2fMXcb2Ceoe0G6HHTTR6oFnRjK4uNaFVc5nQ%3d%3d,data/dfi_pdfs/ES0108203003.pdf,2026-07-03
"ALLIANZ RENDIMIENTO, FI",V19745181,ES0108283005,https://www.cnmv.es/webservices/verdocumento/ver?e=deg48p61tG3M2ejvsUaL44Icyro8COKKKRqzNqdEV2VPhncw1vq%2fMXcb2Ceoe0G6HHTTR6oFnRjK4uNaFVc5nQ%3d%3d,data/dfi_pdfs/ES0108283005.pdf,2026-07-03
"ALPHA INVESTMENTS, FI",V86459815,ES0139099008,https://www.cnmv.es/webservices/verdocumento/ver?e=FfKc1kMdztS%2fVA5iN7%2b3AG%2b4VpVgfk9ACSSRCADRFA5Phncw1vq%2fMXcb2Ceoe0G6HHTTR6oFnRjK4uNaFVc5nQ%3d%3d,data/dfi_pdfs/ES0139099008.pdf,2026-07-03
"ALTAIR EUROPEAN OPPORTUNITIES, FI",V87466777,,https://www.cnmv.es/webservices/verdocumento/ver?e=7993zNU492UOgwdv8gBlAnjH%2bVxXzJBEUKxhSZXBfNjqOgU1uVWNKSQ6qVITbGv4QHwwYK8cyUuWMnhJx46m%2fw%3d%3d,data/dfi_pdfs/V87466777.pdf,2026-07-03
"ALTAIR INVERSIONES II, FI",V87382172,,https://www.cnmv.es/webservices/verdocumento/ver?e=wW%2fy%2fFSkvr0knK%2ffDBerwXjH%2bVxXzJBEUKxhSZXBfNjqOgU1uVWNKSQ6qVITbGv4QHwwYK8cyUuWMnhJx46m%2fw%3d%3d,data/dfi_pdfs/V87382172.pdf,2026-07-03
"ALTAIR PATRIMONIO II, FI",V87383766,,https://www.cnmv.es/webservices/verdocumento/ver?e=xBzTiY0cPS00qre0C9d2i3jH%2bVxXzJBEUKxhSZXBfNjqOgU1uVWNKSQ6qVITbGv4QHwwYK8cyUuWMnhJx46m%2fw%3d%3d,data/dfi_pdfs/V87383766.pdf,2026-07-03
"ALTERNA RENTA FIJA EURO, FI",V09661638,,https://www.cnmv.es/webservices/verdocumento/ver?e=BlHWzGNdqgswt4NuaTloEnjH%2bVxXzJBEUKxhSZXBfNjqOgU1uVWNKSQ6qVITbGv4QHwwYK8cyUuWMnhJx46m%2fw%3d%3d,data/dfi_pdfs/V09661638.pdf,2026-07-03
"AMEINON RENTA FIJA, FI",V86936861,ES0109191009,https://www.cnmv.es/webservices/verdocumento/ver?e=eLC7PxQtKx%2bI8jLAnpjf2042Hm4E8lNUWK%2bnVLVsgf5Phncw1vq%2fMXcb2Ceoe0G6HHTTR6oFnRjK4uNaFVc5nQ%3d%3d,data/dfi_pdfs/ES0109191009.pdf,2026-07-03
"AMISTRA GLOBAL, FI",V95615092,,https://www.cnmv.es/webservices/verdocumento/ver?e=LiQNPG%2bdeqpYenRLsvzZP3jH%2bVxXzJBEUKxhSZXBfNjqOgU1uVWNKSQ6qVITbGv4QHwwYK8cyUuWMnhJx46m%2fw%3d%3d,data/dfi_pdfs/V95615092.pdf,2026-07-03
"AMUNDI CORTO PLAZO, FI",V80346265,,https://www.cnmv.es/webservices/verdocumento/ver?e=fEgosdlGjXfk7Es38M0ik3jH%2bVxXzJBEUKxhSZXBfNjqOgU1uVWNKSQ6qVITbGv4QHwwYK8cyUuWMnhJx46m%2fw%3d%3d,data/dfi_pdfs/V80346265.pdf,2026-07-03
"ÁNCORA CONSERVADOR, FI",V88642400,,https://www.cnmv.es/webservices/verdocumento/ver?e=2Rt%2bPdkewPf3m%2fXGUhy%2bE3jH%2bVxXzJBEUKxhSZXBfNjqOgU1uVWNKSQ6qVITbGv4QHwwYK8cyUuWMnhJx46m%2fw%3d%3d,data/dfi_pdfs/V88642400.pdf,2026-07-03
"ANNUALCYCLES STRATEGIES, FI",V-65433930,,https://www.cnmv.es/webservices/verdocumento/ver?e=sMGgvyH2ZwsllhshkYzokHjH%2bVxXzJBEUKxhSZXBfNjqOgU1uVWNKSQ6qVITbGv4QHwwYK8cyUuWMnhJx46m%2fw%3d%3d,data/dfi_pdfs/V-65433930.pdf,2026-07-03
"ANTA QUALITY RENTA FIJA 0 - 3, FI",V56229560,,https://www.cnmv.es/webservices/verdocumento/ver?e=1%2fJ9z1AF6lBLfJqF9jgmFXjH%2bVxXzJBEUKxhSZXBfNjqOgU1uVWNKSQ6qVITbGv4QHwwYK8cyUuWMnhJx46m%2fw%3d%3d,data/dfi_pdfs/V56229560.pdf,2026-07-03
"ANTA QUALITY RENTA VARIABLE GLOBAL, FI",V56833692,,https://www.cnmv.es/webservices/verdocumento/ver?e=WN%2fe2QQ3KBVdwYdPTFxn33jH%2bVxXzJBEUKxhSZXBfNjqOgU1uVWNKSQ6qVITbGv4QHwwYK8cyUuWMnhJx46m%2fw%3d%3d,data/dfi_pdfs/V56833692.pdf,2026-07-03
"ARIEMA PATENTES Y MARCAS, FI",V72603715,,https://www.cnmv.es/webservices/verdocumento/ver?e=h%2fn4%2f4H%2b4%2b4rECw1RDflOnjH%2bVxXzJBEUKxhSZXBfNjqOgU1uVWNKSQ6qVITbGv4QHwwYK8cyUuWMnhJx46m%2fw%3d%3d,data/dfi_pdfs/V72603715.pdf,2026-07-03
ARQUIA AHORRO CORTO PLAZO FI,V13809504,,https://www.cnmv.es/webservices/verdocumento/ver?e=mW7Vad6%2f8NZIPGJxU1xbWXjH%2bVxXzJBEUKxhSZXBfNjqOgU1uVWNKSQ6qVITbGv4QHwwYK8cyUuWMnhJx46m%2fw%3d%3d,data/dfi_pdfs/V13809504.pdf,2026-07-03
"ARQUIA BANCA DINAMICO 100RV, FI",V66728932,,https://www.cnmv.es/webservices/verdocumento/ver?e=PG86r6K%2b0c1dc34ZCcPho3jH%2bVxXzJBEUKxhSZXBfNjqOgU1uVWNKSQ6qVITbGv4QHwwYK8cyUuWMnhJx46m%2fw%3d%3d,data/dfi_pdfs/V66728932.pdf,2026-07-03
"ARQUIA BANCA EQUILIBRADO 60RV, FI",V66728924,,https://www.cnmv.es/webservices/verdocumento/ver?e=M%2fGF3LV3OfSWgxTXVKDGMnjH%2bVxXzJBEUKxhSZXBfNjqOgU1uVWNKSQ6qVITbGv4QHwwYK8cyUuWMnhJx46m%2fw%3d%3d,data/dfi_pdfs/V66728924.pdf,2026-07-03
"ARQUIA BANCA GARANTIZADO I, FI",V72591274,ES0110234004,https://www.cnmv.es/webservices/verdocumento/ver?e=sgFnNGPLsq%2b5EbtzhxLlE3jH%2bVxXzJBEUKxhSZXBfNjqOgU1uVWNKSQ6qVITbGv4QHwwYK8cyUuWMnhJx46m%2fw%3d%3d,data/dfi_pdfs/ES0110234004.pdf,2026-07-03
"ARQUIA BANCA INCOME RVMI, FI",V58430059,,https://www.cnmv.es/webservices/verdocumento/ver?e=EWti2zER0XEEDMJ%2fxFe5MU8XMFJjNgi5kLvmXyDFh2fupFV%2fn8u3sCG0fKp4kO3Liqto%2bmhkjI%2bYBhh59onJIQ%3d%3d,data/dfi_pdfs/V58430059.pdf,2026-07-03
"ARQUIA BANCA LIDERES DEL FUTURO, FI",V66360967,,https://www.cnmv.es/webservices/verdocumento/ver?e=GKO8ndcu0%2bxSzOdzihduf3jH%2bVxXzJBEUKxhSZXBfNjqOgU1uVWNKSQ6qVITbGv4QHwwYK8cyUuWMnhJx46m%2fw%3d%3d,data/dfi_pdfs/V66360967.pdf,2026-07-03
"ARQUIA BANCA LIDERES GLOBALES, FI",V66043803,,https://www.cnmv.es/webservices/verdocumento/ver?e=Ve9og3iADBlZm2ylP7m9TXjH%2bVxXzJBEUKxhSZXBfNjqOgU1uVWNKSQ6qVITbGv4QHwwYK8cyUuWMnhJx46m%2fw%3d%3d,data/dfi_pdfs/V66043803.pdf,2026-07-03
"ARQUIA BANCA PRUDENTE 30RV, FI",V66728908,,https://www.cnmv.es/webservices/verdocumento/ver?e=5yaxSg65u7CL24gRkps3UHjH%2bVxXzJBEUKxhSZXBfNjqOgU1uVWNKSQ6qVITbGv4QHwwYK8cyUuWMnhJx46m%2fw%3d%3d,data/dfi_pdfs/V66728908.pdf,2026-07-03
"ARQUIA BANCA RF FLEXIBLE, FI",V88614524,,https://www.cnmv.es/webservices/verdocumento/ver?e=lBCjKJHcNnVI4UTbcNGGMHjH%2bVxXzJBEUKxhSZXBfNjqOgU1uVWNKSQ6qVITbGv4QHwwYK8cyUuWMnhJx46m%2fw%3d%3d,data/dfi_pdfs/V88614524.pdf,2026-07-03
ARQUIA BOLSA GARANTIZADO I FI,V55384465,ES0147714002,https://www.cnmv.es/webservices/verdocumento/ver?e=OXWqbyx634ABoQBBEz70s59279UH1DxzyF%2b0CcBXLjFPhncw1vq%2fMXcb2Ceoe0G6HHTTR6oFnRjK4uNaFVc5nQ%3d%3d,data/dfi_pdfs/ES0147714002.pdf,2026-07-03
ARQUIA BOLSA GARANTIZADO II FI,V75775858,ES0147715009,https://www.cnmv.es/webservices/verdocumento/ver?e=sqhIwNaTQ1aLArtLZMan2Xi7T5IbRAQ4gTMn%2fKGLuGFPhncw1vq%2fMXcb2Ceoe0G6HHTTR6oFnRjK4uNaFVc5nQ%3d%3d,data/dfi_pdfs/ES0147715009.pdf,2026-07-03
ARQUIA GARANTIZADO 2027 FI,V56383227,ES0110252006,https://www.cnmv.es/webservices/verdocumento/ver?e=htMKs%2fD%2bcyLRHcNXun8IHsZmDnWgv9O6v0PWr85ELghPhncw1vq%2fMXcb2Ceoe0G6HHTTR6oFnRjK4uNaFVc5nQ%3d%3d,data/dfi_pdfs/ES0110252006.pdf,2026-07-03
ARQUIA GARANTIZADO 2027 II FI,V70775721,ES0110196005,https://www.cnmv.es/webservices/verdocumento/ver?e=BlwMk%2fDrrasSnu3K7FNMYYZh10CS%2fjqoYI0donW%2bT0pPhncw1vq%2fMXcb2Ceoe0G6HHTTR6oFnRjK4uNaFVc5nQ%3d%3d,data/dfi_pdfs/ES0110196005.pdf,2026-07-03
ARQUIA RENTABILIDAD 2029 FI,V75767202,ES0110197003,https://www.cnmv.es/webservices/verdocumento/ver?e=pnqL5tI8b7SU0OwHnSX8GAV22T3vQiZe3PO5I4aDTdJPhncw1vq%2fMXcb2Ceoe0G6HHTTR6oFnRjK4uNaFVc5nQ%3d%3d,data/dfi_pdfs/ES0110197003.pdf,2026-07-03
ARQUIA RENTABILIDAD PLUS FI,V25991324,ES0110198001,https://www.cnmv.es/webservices/verdocumento/ver?e=o%2fHH6Q9dH0CR6MX324dSRt%2bLFGeqlMxHtTsH1AHTFu9Phncw1vq%2fMXcb2Ceoe0G6HHTTR6oFnRjK4uNaFVc5nQ%3d%3d,data/dfi_pdfs/ES0110198001.pdf,2026-07-03
"ARQUIA RF EURO, FI",V63030274,,https://www.cnmv.es/webservices/verdocumento/ver?e=6lQA%2fN1tFuCbOsgpD6THs3jH%2bVxXzJBEUKxhSZXBfNjqOgU1uVWNKSQ6qVITbGv4QHwwYK8cyUuWMnhJx46m%2fw%3d%3d,data/dfi_pdfs/V63030274.pdf,2026-07-03
"ASPE GLOBAL, FI",V26642041,,https://www.cnmv.es/webservices/verdocumento/ver?e=F6vAXVTDdkojWjFUtcVEyHjH%2bVxXzJBEUKxhSZXBfNjqOgU1uVWNKSQ6qVITbGv4QHwwYK8cyUuWMnhJx46m%2fw%3d%3d,data/dfi_pdfs/V26642041.pdf,2026-07-03
"ATL CAPITAL BEST MANAGERS, FI",V84462001,,https://www.cnmv.es/webservices/verdocumento/ver?e=Y34PEx23X%2fdUJdTdPRELPXjH%2bVxXzJBEUKxhSZXBfNjqOgU1uVWNKSQ6qVITbGv4QHwwYK8cyUuWMnhJx46m%2fw%3d%3d,data/dfi_pdfs/V84462001.pdf,2026-07-03
"ATL CAPITAL CARTERA DINAMICA, FI",V85271096,,https://www.cnmv.es/webservices/verdocumento/ver?e=a1%2fQYxtOVWSUD0L3pLT6unjH%2bVxXzJBEUKxhSZXBfNjqOgU1uVWNKSQ6qVITbGv4QHwwYK8cyUuWMnhJx46m%2fw%3d%3d,data/dfi_pdfs/V85271096.pdf,2026-07-03
"ATL CAPITAL CARTERA PATRIMONIO, FI",V85271120,,https://www.cnmv.es/webservices/verdocumento/ver?e=rbKpC2aXs8JRLX3IM7NjqnjH%2bVxXzJBEUKxhSZXBfNjqOgU1uVWNKSQ6qVITbGv4QHwwYK8cyUuWMnhJx46m%2fw%3d%3d,data/dfi_pdfs/V85271120.pdf,2026-07-03
"ATL CAPITAL CARTERA RENTA VARIABLE, FI",V87113551,,https://www.cnmv.es/webservices/verdocumento/ver?e=XTXS%2bcehLWEn%2bdkmq3QmVHjH%2bVxXzJBEUKxhSZXBfNjqOgU1uVWNKSQ6qVITbGv4QHwwYK8cyUuWMnhJx46m%2fw%3d%3d,data/dfi_pdfs/V87113551.pdf,2026-07-03
"ATL CAPITAL CARTERA TACTICA, FI",V85271161,,https://www.cnmv.es/webservices/verdocumento/ver?e=t0QueRBZeLGZvHq6GZLGFHjH%2bVxXzJBEUKxhSZXBfNjqOgU1uVWNKSQ6qVITbGv4QHwwYK8cyUuWMnhJx46m%2fw%3d%3d,data/dfi_pdfs/V85271161.pdf,2026-07-03
"ATL CAPITAL CORTO PLAZO, FI",V84462019,,https://www.cnmv.es/webservices/verdocumento/ver?e=sOHA9x0H3SRBiI%2ffXhWXlHjH%2bVxXzJBEUKxhSZXBfNjqOgU1uVWNKSQ6qVITbGv4QHwwYK8cyUuWMnhJx46m%2fw%3d%3d,data/dfi_pdfs/V84462019.pdf,2026-07-03
"ATL CAPITAL RENTA FIJA, FI",V85641959,,https://www.cnmv.es/webservices/verdocumento/ver?e=paHrARDcI33inLhCbR4GfXjH%2bVxXzJBEUKxhSZXBfNjqOgU1uVWNKSQ6qVITbGv4QHwwYK8cyUuWMnhJx46m%2fw%3d%3d,data/dfi_pdfs/V85641959.pdf,2026-07-03
"ABANCA AHORRO, FI",V20512356,ES0113691002,https://www.cnmv.es/webservices/verdocumento/ver?e=TY4K7Jwd5vLOJGnrG80xTsxFEONqsHYl%2f5sd6ieFARBPhncw1vq%2fMXcb2Ceoe0G6HHTTR6oFnRjK4uNaFVc5nQ%3d%3d,data/dfi_pdfs/ES0113691002.pdf,2026-07-03
"ABANCA BONOS CORPORATIVOS, FI",V84857739,ES0147597001,https://www.cnmv.es/webservices/verdocumento/ver?e=TY4K7Jwd5vLOJGnrG80xThVPpB%2bv7ZHTNXcdlS5bUCpPhncw1vq%2fMXcb2Ceoe0G6HHTTR6oFnRjK4uNaFVc5nQ%3d%3d,data/dfi_pdfs/ES0147597001.pdf,2026-07-03
"ABANCA FONDEPOSITO, FI",V84564624,ES0106933031,https://www.cnmv.es/webservices/verdocumento/ver?e=TY4K7Jwd5vLOJGnrG80xTpQglNmA%2b5yFdHuZ4svyXJtPhncw1vq%2fMXcb2Ceoe0G6HHTTR6oFnRjK4uNaFVc5nQ%3d%3d,data/dfi_pdfs/ES0106933031.pdf,2026-07-03
"ABANCA GESTION, FI",V86844974,ES0133400004,https://www.cnmv.es/webservices/verdocumento/ver?e=4iE11qX1sTH%2fdp%2fLdlfnyzaQ41X5FIYAsgi463kgMAZPhncw1vq%2fMXcb2Ceoe0G6HHTTR6oFnRjK4uNaFVc5nQ%3d%3d,data/dfi_pdfs/ES0133400004.pdf,2026-07-03
"ABANCA RENTA FIJA GOBIERNOS, FI",V05379383,ES0124524002,https://www.cnmv.es/webservices/verdocumento/ver?e=TY4K7Jwd5vLOJGnrG80xThA6nsC4K8P%2b8oBRy4HBEB5Phncw1vq%2fMXcb2Ceoe0G6HHTTR6oFnRjK4uNaFVc5nQ%3d%3d,data/dfi_pdfs/ES0124524002.pdf,2026-07-03
"ABANCA RENTA FIJA MIXTA, FI",V87109906,ES0140073018,https://www.cnmv.es/webservices/verdocumento/ver?e=TY4K7Jwd5vLOJGnrG80xTh2z1yy2fPb1Zsd9zQmGA3FPhncw1vq%2fMXcb2Ceoe0G6HHTTR6oFnRjK4uNaFVc5nQ%3d%3d,data/dfi_pdfs/ES0140073018.pdf,2026-07-03
"ABANCA RENTA FIJA PATRIMONIO, FI",V85377406,ES0119483008,https://www.cnmv.es/webservices/verdocumento/ver?e=TY4K7Jwd5vLOJGnrG80xTrSb6RQVFbcWKYzaDNFawJhPhncw1vq%2fMXcb2Ceoe0G6HHTTR6oFnRjK4uNaFVc5nQ%3d%3d,data/dfi_pdfs/ES0119483008.pdf,2026-07-03
"ABANCA RENTA VARIABLE CRECIMIENTO, FI",V84053982,ES0106949003,https://www.cnmv.es/webservices/verdocumento/ver?e=TY4K7Jwd5vLOJGnrG80xTtVpGGG5%2fDEdadSLcWhH%2btZPhncw1vq%2fMXcb2Ceoe0G6HHTTR6oFnRjK4uNaFVc5nQ%3d%3d,data/dfi_pdfs/ES0106949003.pdf,2026-07-03
"ABANCA RENTA VARIABLE DIVIDENDO, FI",V87112173,ES0162948014,https://www.cnmv.es/webservices/verdocumento/ver?e=4iE11qX1sTH%2fdp%2fLdlfnyycMFAbTpKs2fifq4LZRMhNPhncw1vq%2fMXcb2Ceoe0G6HHTTR6oFnRjK4uNaFVc5nQ%3d%3d,data/dfi_pdfs/ES0162948014.pdf,2026-07-03
"ABANCA RENTA VARIABLE MIXTA, FI",V80714306,ES0115418008,https://www.cnmv.es/webservices/verdocumento/ver?e=TY4K7Jwd5vLOJGnrG80xTuHV%2fWZ7aL4K%2bD0XtAd7tCdPhncw1vq%2fMXcb2Ceoe0G6HHTTR6oFnRjK4uNaFVc5nQ%3d%3d,data/dfi_pdfs/ES0115418008.pdf,2026-07-03
